id,title,description,availability,condition,price,link,image_link,brand,color,shipping_weight,rich_text_description,fb_product_category
38799,Βάση στήριξης Smartphone ποδηλάτου/μοτο,Βάση στήριξης Smartphone ποδηλάτου/μοτοσικλέτας με κάλυμμα - HT-507 - 884881,in stock,new,6.3 EUR,,https://www.tradesor.gr/wp-content/uploads/2023/04/884881.jpg,OEM,No Color,0.5,"<p>Βάση στήριξης Smartphone ποδηλάτου/μοτοσικλέτας, Universal σχεδιασμού που μπορεί να ταιριάξει σε όλα τα μοντέλα ποδηλάτων, μοτοσικλετών και scooter.<br />Τοποθέτηση στο τιμόνι με τον ειδικό δακτύλιο ρυθμιζόμενης διαμέτρου,  ή τοποθέτηση στον βραχίωνα του καθρέφτη χάρη στην ειδική βάση.<br />Απόλυτα σταθερή εφαρμογή.<br />Διαθέτει αντιολισθητικά προστατευτικά για το κινητό σας.<br />Ρυθμιζόμενο ύψος και πλάτος βάσης κινητού.<br />Διαθέτει πτυσσόμενη και αφαιρούμενη <strong>ομπρέλα</strong> σκίασης για προστασία του κινητού από τον ήλιο ή τη βροχή.</p>",AUTO-MOTO-BIKE>Αξεσουάρ ποδηλάτου  μηχανής>Αξεσουάρ moto  ποδηλάτου
38800,Βάση στήριξης Smartphone ποδηλάτου/μοτο,Βάση στήριξης Smartphone ποδηλάτου/μοτοσικλέτας - 884911,in stock,new,4.5 EUR,,https://www.tradesor.gr/wp-content/uploads/2023/04/884911.jpg,OEM,No Color,0.5,"<p>Βάση στήριξης Smartphone ποδηλάτου/μοτοσικλέτας, Universal σχεδιασμού που μπορεί να ταιριάξει σε όλα τα μοντέλα ποδηλάτων, μοτοσικλετών και scooter.<br />Με δακτύλιο ρυθμιζόμενης διαμέτρου για τοποθέτηση στο τιμόνι και απόλυτα σταθερή εφαρμογή.<br />Διαθέτει αντιολισθητικά προστατευτικά για το κινητό σας.<br />Ρυθμιζόμενο ύψος και πλάτος βάσης κινητού.<br />Περιστρεφόμενη κεφαλή 360 μοίρες.</p>",AUTO-MOTO-BIKE>Αξεσουάρ ποδηλάτου  μηχανής>Αξεσουάρ moto  ποδηλάτου
38801,Βάση στήριξης Smartphone ποδηλάτου/μοτο,Βάση στήριξης Smartphone ποδηλάτου/μοτοσικλέτας - L655 - 884904,in stock,new,3.6 EUR,,https://www.tradesor.gr/wp-content/uploads/2023/04/884904.jpg,OEM,No Color,0.5,"<p>Βάση στήριξης Smartphone ποδηλάτου/μοτοσικλέτας, Universal σχεδιασμού που μπορεί να ταιριάξει σε όλα τα μοντέλα ποδηλάτων, μοτοσικλετών και scooter.<br />Με δακτύλιο ρυθμιζόμενης διαμέτρου για τοποθέτηση στο τιμόνι και απόλυτα σταθερή εφαρμογή.<br />Διαθέτει αντιολισθητικά προστατευτικά για το κινητό σας.<br />Ρυθμιζόμενο ύψος και πλάτος βάσης κινητού.<br />Περιστρεφόμενη κεφαλή 360 μοίρες.</p>",AUTO-MOTO-BIKE>Αξεσουάρ ποδηλάτου  μηχανής>Αξεσουάρ moto  ποδηλάτου
105512,Κουκούλα μοτοσυκλέτας - 3602003/4 - 310565,Κουκούλα μοτοσυκλέτας - 3602003/4 - 310565,in stock,new,12.6 EUR,,https://www.tradesor.gr/wp-content/uploads/2023/06/3c60d99e33d5c6094daa78d070071e47.jpg,OEM,No Color,0.9,,AUTO-MOTO-BIKE>Αξεσουάρ ποδηλάτου  μηχανής>Αξεσουάρ moto  ποδηλάτου
105515,Κουκούλα μοτοσυκλέτας - 3602003/3 - 310564,Κουκούλα μοτοσυκλέτας - 3602003/3 - 310564,in stock,new,10.8 EUR,,https://www.tradesor.gr/wp-content/uploads/2023/06/8ab29ee3d875dc5b1a7464771f954c13.jpg,OEM,No Color,0.9,,AUTO-MOTO-BIKE>Αξεσουάρ ποδηλάτου  μηχανής>Αξεσουάρ moto  ποδηλάτου
105518,Κουκούλα μοτοσυκλέτας - 3602003/2 - 310563,Κουκούλα μοτοσυκλέτας - 3602003/2 - 310563,in stock,new,10.8 EUR,,https://www.tradesor.gr/wp-content/uploads/2023/06/122b057343dff39906daebffc69f4918.jpg,OEM,No Color,0.9,,AUTO-MOTO-BIKE>Αξεσουάρ ποδηλάτου  μηχανής>Αξεσουάρ moto  ποδηλάτου
105521,Κουκούλα μοτοσυκλέτας - 3602003/1 - 310562,Κουκούλα μοτοσυκλέτας - 3602003/1 - 310562,in stock,new,9.9 EUR,,https://www.tradesor.gr/wp-content/uploads/2023/06/f6718dc908fd680cbf65803c4708c8f9.jpg,OEM,No Color,0.9,,AUTO-MOTO-BIKE>Αξεσουάρ ποδηλάτου  μηχανής>Αξεσουάρ moto  ποδηλάτου
105524,Φορτιστής USB μοτοσυκλέτας με αναπτή,Φορτιστής USB μοτοσυκλέτας με αναπτήρα - 3303104/2 - 310561,in stock,new,5.4 EUR,,https://www.tradesor.gr/wp-content/uploads/2023/06/0559b3baf3788f320d0a64e69e33f529.jpg,OEM,No Color,0.8,,AUTO-MOTO-BIKE>Αξεσουάρ ποδηλάτου  μηχανής>Αξεσουάρ moto  ποδηλάτου
105527,Φορτιστής USB μοτοσυκλέτας - 3303106 - 31056,Φορτιστής USB μοτοσυκλέτας - 3303106 - 310560,in stock,new,2.7 EUR,,https://www.tradesor.gr/wp-content/uploads/2023/06/05f2780e037c2226d3fa9a49a1eb7c2f.jpg,OEM,No Color,0.8,,AUTO-MOTO-BIKE>Αξεσουάρ ποδηλάτου  μηχανής>Αξεσουάρ moto  ποδηλάτου
105530,Φορτιστής USB μοτοσυκλέτας - 3303101 - 31055,Φορτιστής USB μοτοσυκλέτας - 3303101 - 310559,in stock,new,7.2 EUR,,https://www.tradesor.gr/wp-content/uploads/2023/06/f96fc3f87b09d3ab58d18559da3a322a.jpg,OEM,No Color,0.8,,AUTO-MOTO-BIKE>Αξεσουάρ ποδηλάτου  μηχανής>Αξεσουάρ moto  ποδηλάτου
107872,Θερμομονωτική ταινία λαιμού εξάτμι,Θερμομονωτική ταινία λαιμού εξάτμισης μοτοσυκλέτας - R-G26501-C - 120099,in stock,new,11.7 EUR,,https://www.tradesor.gr/wp-content/uploads/2023/06/07be71127c78a37e63a900bcc161bb85.jpg,OEM,No Color,0.8,,AUTO-MOTO-BIKE>Αξεσουάρ ποδηλάτου  μηχανής>Αξεσουάρ moto  ποδηλάτου
107875,Θερμομονωτική ταινία λαιμού εξάτμι,Θερμομονωτική ταινία λαιμού εξάτμισης μοτοσυκλέτας - R-G26501-B - 120098,in stock,new,7.2 EUR,,https://www.tradesor.gr/wp-content/uploads/2023/06/3abdb3da6e3b7acebd0349a888d2de17.jpg,OEM,No Color,0.8,,AUTO-MOTO-BIKE>Αξεσουάρ ποδηλάτου  μηχανής>Αξεσουάρ moto  ποδηλάτου
107878,Θερμομονωτική ταινία λαιμού εξάτμι,Θερμομονωτική ταινία λαιμού εξάτμισης μοτοσυκλέτας - R-G26501-A - 120097,in stock,new,6.3 EUR,,https://www.tradesor.gr/wp-content/uploads/2023/06/6c054f1b62a9c23e23cb243d297d4ea4.jpg,OEM,No Color,0.8,,AUTO-MOTO-BIKE>Αξεσουάρ ποδηλάτου  μηχανής>Αξεσουάρ moto  ποδηλάτου
107995,Κράνος ποδηλάτου - 665140,Κράνος ποδηλάτου - 665140,in stock,new,9.9 EUR,,https://www.tradesor.gr/wp-content/uploads/2023/06/9d1dc6937be12ae6e62e9bfb9c31ad91.jpg,OEM,No Color,1.0,,AUTO-MOTO-BIKE>Αξεσουάρ ποδηλάτου  μηχανής>Αξεσουάρ moto  ποδηλάτου
108007,Λάστιχο πρόσδεσης ποδηλάτου - S66-15-3 -,Λάστιχο πρόσδεσης ποδηλάτου - S66-15-3 - 2.2m - 652602,in stock,new,1.44 EUR,,https://www.tradesor.gr/wp-content/uploads/2023/06/4b944f150aad1aff3f642b8aeab0fcfc.jpg,OEM,No Color,1.0,,AUTO-MOTO-BIKE>Αξεσουάρ ποδηλάτου  μηχανής>Αξεσουάρ moto  ποδηλάτου
108011,Λάστιχο πρόσδεσης ποδηλάτου - S66-11 - 6,Λάστιχο πρόσδεσης ποδηλάτου - S66-11 - 652589,in stock,new,1.44 EUR,,https://www.tradesor.gr/wp-content/uploads/2023/06/9da8b11b497527a20deb11e22bb1cea8.jpg,OEM,No Color,1.0,,AUTO-MOTO-BIKE>Αξεσουάρ ποδηλάτου  μηχανής>Αξεσουάρ moto  ποδηλάτου
108043,Σετ γάντια ποδηλασίας - S48-62 - 651469,Σετ γάντια ποδηλασίας - S48-62 - 651469,in stock,new,9 EUR,,https://www.tradesor.gr/wp-content/uploads/2023/06/8aedb3f1a503c542d45cf36028629992.jpg,OEM,No Color,1.0,,AUTO-MOTO-BIKE>Αξεσουάρ ποδηλάτου  μηχανής>Αξεσουάρ moto  ποδηλάτου
108046,Σετ γυαλιά ποδηλασίας - S46-68 - 651438,Σετ γυαλιά ποδηλασίας - S46-68 - 651438,in stock,new,11.7 EUR,,https://www.tradesor.gr/wp-content/uploads/2023/06/4916b18c7be84f1e51fdef37fc5ba975.jpg,OEM,No Color,1.0,,AUTO-MOTO-BIKE>Αξεσουάρ ποδηλάτου  μηχανής>Αξεσουάρ moto  ποδηλάτου
108064,Βαλιτσάκι ποδηλάτου - S40-34 - 651223,Βαλιτσάκι ποδηλάτου - S40-34 - 651223,in stock,new,7.2 EUR,,https://www.tradesor.gr/wp-content/uploads/2023/06/18b332c419846851f68a1cfab7dd1730.jpg,OEM,No Color,1.0,,AUTO-MOTO-BIKE>Αξεσουάρ ποδηλάτου  μηχανής>Αξεσουάρ moto  ποδηλάτου
108067,Τσάντα ποδηλάτου διπλή - S40-16 - 651216,Τσάντα ποδηλάτου διπλή - S40-16 - 651216,in stock,new,2.7 EUR,,https://www.tradesor.gr/wp-content/uploads/2023/06/f3619ee39934bd8b0e686f6614fb849b.jpg,OEM,No Color,1.0,,AUTO-MOTO-BIKE>Αξεσουάρ ποδηλάτου  μηχανής>Αξεσουάρ moto  ποδηλάτου
108071,Ποτηροθήκη ποδηλάτου - S33-1417 - 650929,Ποτηροθήκη ποδηλάτου - S33-1417 - 650929,in stock,new,1.8 EUR,,https://www.tradesor.gr/wp-content/uploads/2023/06/ccab221e1c94736d16f35c60a3d6edd1.jpg,OEM,No Color,1.0,,AUTO-MOTO-BIKE>Αξεσουάρ ποδηλάτου  μηχανής>Αξεσουάρ moto  ποδηλάτου
108074,Ποτηροθήκη ποδηλάτου - S33-1405 - 650899,Ποτηροθήκη ποδηλάτου - S33-1405 - 650899,in stock,new,2.7 EUR,,https://www.tradesor.gr/wp-content/uploads/2023/06/4576a4fda662b710d6df27bd854bcce4.jpg,OEM,No Color,1.0,,AUTO-MOTO-BIKE>Αξεσουάρ ποδηλάτου  μηχανής>Αξεσουάρ moto  ποδηλάτου
108077,Ποτηροθήκη ποδηλάτου - S33-1401 - 650882,Ποτηροθήκη ποδηλάτου - S33-1401 - 650882,in stock,new,1.44 EUR,,https://www.tradesor.gr/wp-content/uploads/2023/06/f0eab8a0a8566db4896293114187de81.jpg,OEM,No Color,1.0,,AUTO-MOTO-BIKE>Αξεσουάρ ποδηλάτου  μηχανής>Αξεσουάρ moto  ποδηλάτου
108080,Βοηθητική λαβή ποδηλάτου - sj-2112 - 650851,Βοηθητική λαβή ποδηλάτου - sj-2112 - 650851,in stock,new,4.5 EUR,,https://www.tradesor.gr/wp-content/uploads/2023/06/a2f01a8b6dbaa051588bf9bf25db4847.jpg,OEM,No Color,1.0,,AUTO-MOTO-BIKE>Αξεσουάρ ποδηλάτου  μηχανής>Αξεσουάρ moto  ποδηλάτου
108083,Βοηθητική λαβή ποδηλάτου - S31-2101S - 6508,Βοηθητική λαβή ποδηλάτου - S31-2101S - 650844,in stock,new,4.5 EUR,,https://www.tradesor.gr/wp-content/uploads/2023/06/0439069cbd98885c7047ce2aea9ec93c.jpg,OEM,No Color,1.0,,AUTO-MOTO-BIKE>Αξεσουάρ ποδηλάτου  μηχανής>Αξεσουάρ moto  ποδηλάτου
108086,Καλύμματα λαβής ποδηλάτου - S29-251-1 - 65,Καλύμματα λαβής ποδηλάτου - S29-251-1 - 650806,in stock,new,1.8 EUR,,https://www.tradesor.gr/wp-content/uploads/2023/06/b2267e66f3f2dc3a9732eef4e6a71a1b.jpg,OEM,No Color,1.0,,AUTO-MOTO-BIKE>Αξεσουάρ ποδηλάτου  μηχανής>Αξεσουάρ moto  ποδηλάτου
108089,Καλύμματα λαβής ποδηλάτου - S27-213 - 6507,Καλύμματα λαβής ποδηλάτου - S27-213 - 650776,in stock,new,2.7 EUR,,https://www.tradesor.gr/wp-content/uploads/2023/06/f4231e30c91669e59f362d3390afdc2b.jpg,OEM,No Color,1.0,,AUTO-MOTO-BIKE>Αξεσουάρ ποδηλάτου  μηχανής>Αξεσουάρ moto  ποδηλάτου
108092,Καλύμματα λαβής ποδηλάτου - S27-208 - 6507,Καλύμματα λαβής ποδηλάτου - S27-208 - 650769,in stock,new,4.5 EUR,,https://www.tradesor.gr/wp-content/uploads/2023/06/0c28866b0e2680780def1a394f0b81fe.jpg,OEM,No Color,1.0,,AUTO-MOTO-BIKE>Αξεσουάρ ποδηλάτου  μηχανής>Αξεσουάρ moto  ποδηλάτου
108095,Λαβές ποδηλάτου - S27-205 - 650752,Λαβές ποδηλάτου - S27-205 - 650752,in stock,new,7.2 EUR,,https://www.tradesor.gr/wp-content/uploads/2023/06/2d12721e6d8d408748d9b5fcbf9edc67.jpg,OEM,No Color,1.0,,AUTO-MOTO-BIKE>Αξεσουάρ ποδηλάτου  μηχανής>Αξεσουάρ moto  ποδηλάτου
108098,Λαβές ποδηλάτου - S27-202B - 650745,Λαβές ποδηλάτου - S27-202B - 650745,in stock,new,9 EUR,,https://www.tradesor.gr/wp-content/uploads/2023/06/093484f63fb318b248f20f313684eb32.jpg,OEM,No Color,1.0,,AUTO-MOTO-BIKE>Αξεσουάρ ποδηλάτου  μηχανής>Αξεσουάρ moto  ποδηλάτου
108101,Λαβές ποδηλάτου - S27-201 - 650738,Λαβές ποδηλάτου - S27-201 - 650738,in stock,new,2.7 EUR,,https://www.tradesor.gr/wp-content/uploads/2023/06/ff5b13e75e5134ac89a950b2b5d4eb09.jpg,OEM,No Color,1.0,,AUTO-MOTO-BIKE>Αξεσουάρ ποδηλάτου  μηχανής>Αξεσουάρ moto  ποδηλάτου
108107,Σχάρα ποδηλάτου - SJ-6083 08 - 650585,Σχάρα ποδηλάτου - SJ-6083 08 - 650585,in stock,new,9.9 EUR,,https://www.tradesor.gr/wp-content/uploads/2023/06/a920b5df615f1fdace910a8426fabcee.jpg,OEM,No Color,1.0,,AUTO-MOTO-BIKE>Αξεσουάρ ποδηλάτου  μηχανής>Αξεσουάρ moto  ποδηλάτου
108110,"Σταντ ποδηλάτου - Universal - SJ-309A - 24/26"" - 65","Σταντ ποδηλάτου - Universal - SJ-309A - 24/26"" - 650486",in stock,new,5.4 EUR,,https://www.tradesor.gr/wp-content/uploads/2023/06/4df103a9c3b8a6051e6001d8484071d7.jpg,OEM,No Color,1.0,,AUTO-MOTO-BIKE>Αξεσουάρ ποδηλάτου  μηχανής>Αξεσουάρ moto  ποδηλάτου
108116,Βάση προβολέα ποδηλάτου - SJ-10812 - 650233,Βάση προβολέα ποδηλάτου - SJ-10812 - 650233,in stock,new,2.7 EUR,,https://www.tradesor.gr/wp-content/uploads/2023/06/685aeebe326835129cf2f89153c42f17.jpg,OEM,No Color,1.0,,AUTO-MOTO-BIKE>Αξεσουάρ ποδηλάτου  μηχανής>Αξεσουάρ moto  ποδηλάτου
108134,Βάση έκθεσης-επισκευής ποδηλάτου - S,Βάση έκθεσης-επισκευής ποδηλάτου - SJ-503A-2 - 652732,in stock,new,9.9 EUR,,https://www.tradesor.gr/wp-content/uploads/2023/06/e932f50b55199e10470bda719807a6f3.jpg,OEM,No Color,1.0,,AUTO-MOTO-BIKE>Αξεσουάρ ποδηλάτου  μηχανής>Αξεσουάρ moto  ποδηλάτου
108200,Κάλυμμα βαλβίδας ελαστικών ποδηλάτ,Κάλυμμα βαλβίδας ελαστικών ποδηλάτου - S68-27 - 652473,in stock,new,0.9 EUR,,https://www.tradesor.gr/wp-content/uploads/2023/06/a6ff322a0b85bd24ba23a3738cd29a9e.jpg,OEM,No Color,0.2,,AUTO-MOTO-BIKE>Αξεσουάρ ποδηλάτου  μηχανής>Αξεσουάρ moto  ποδηλάτου
108203,Κάλυμμα βαλβίδας ελαστικών ποδηλάτ,Κάλυμμα βαλβίδας ελαστικών ποδηλάτου - S68-26 - 652466,in stock,new,0.9 EUR,,https://www.tradesor.gr/wp-content/uploads/2023/06/4bd9faa4c78573a54c3998b56b9a3225.jpg,OEM,No Color,0.2,,AUTO-MOTO-BIKE>Αξεσουάρ ποδηλάτου  μηχανής>Αξεσουάρ moto  ποδηλάτου
108224,Σετ βούρτσα καθαρισμού αλυσίδας κα,Σετ βούρτσα καθαρισμού αλυσίδας και γραναζιών ποδηλάτου - S64-04-2 - 652350,in stock,new,1.44 EUR,,https://www.tradesor.gr/wp-content/uploads/2023/06/9ad33a403f7c471f8954452c6f823118.jpg,OEM,No Color,1.0,,AUTO-MOTO-BIKE>Αξεσουάρ ποδηλάτου  μηχανής>Αξεσουάρ moto  ποδηλάτου
108227,Σετ βούρτσα καθαρισμού αλυσίδας κα,Σετ βούρτσα καθαρισμού αλυσίδας και γραναζιών ποδηλάτου - S64-04 - 652343,in stock,new,0.9 EUR,,https://www.tradesor.gr/wp-content/uploads/2023/06/1fc2de188342fb995a101f7149e77885.jpg,OEM,No Color,1.0,,AUTO-MOTO-BIKE>Αξεσουάρ ποδηλάτου  μηχανής>Αξεσουάρ moto  ποδηλάτου
108230,Σετ βούρτσα καθαρισμού αλυσίδας κα,Σετ βούρτσα καθαρισμού αλυσίδας και γραναζιών ποδηλάτου - S64-03 - 652336,in stock,new,2.7 EUR,,https://www.tradesor.gr/wp-content/uploads/2023/06/ef2b8f96ee89f5021937fb578bd414d7.jpg,OEM,No Color,1.0,,AUTO-MOTO-BIKE>Αξεσουάρ ποδηλάτου  μηχανής>Αξεσουάρ moto  ποδηλάτου
108242,Ακτινολόγος ποδηλάτου - S63-15Α - 652282,Ακτινολόγος ποδηλάτου - S63-15Α - 652282,in stock,new,0.9 EUR,,https://www.tradesor.gr/wp-content/uploads/2023/06/4bd88e6c17b89561e2bd3cfc6113f4fe.jpg,OEM,No Color,1.0,,AUTO-MOTO-BIKE>Αξεσουάρ ποδηλάτου  μηχανής>Αξεσουάρ moto  ποδηλάτου
108263,Διακοσμητικά ακτινών ζάντας ποδηλά,Διακοσμητικά ακτινών ζάντας ποδηλάτου & ανακλαστικά - S65-05h - 652213,in stock,new,0.9 EUR,,https://www.tradesor.gr/wp-content/uploads/2023/06/cd1641cd840c603058b0c995a477bc8b.jpg,OEM,No Color,1.0,,AUTO-MOTO-BIKE>Αξεσουάρ ποδηλάτου  μηχανής>Αξεσουάρ moto  ποδηλάτου
108266,Διακοσμητικά ακτινών ζάντας ποδηλά,Διακοσμητικά ακτινών ζάντας ποδηλάτου - S65-05G - 652206,in stock,new,0.9 EUR,,https://www.tradesor.gr/wp-content/uploads/2023/06/67d79e7e4e46bc6a79e215b5d7a25cbb.jpg,OEM,No Color,1.0,,AUTO-MOTO-BIKE>Αξεσουάρ ποδηλάτου  μηχανής>Αξεσουάρ moto  ποδηλάτου
108269,Διακοσμητικά ακτινών ζάντας ποδηλά,Διακοσμητικά ακτινών ζάντας ποδηλάτου - S65-05C - 652190,in stock,new,0.9 EUR,,https://www.tradesor.gr/wp-content/uploads/2023/06/2860e5172cd0649d99cefdd4f0a7e92c.jpg,OEM,No Color,1.0,,AUTO-MOTO-BIKE>Αξεσουάρ ποδηλάτου  μηχανής>Αξεσουάρ moto  ποδηλάτου
108272,Διακοσμητικά ακτινών ζάντας ποδηλά,Διακοσμητικά ακτινών ζάντας ποδηλάτου - S65-05B - 652183,in stock,new,0.9 EUR,,https://www.tradesor.gr/wp-content/uploads/2023/06/641cac8e427fa1c6b2f93aefe797a4f3.jpg,OEM,No Color,1.0,,AUTO-MOTO-BIKE>Αξεσουάρ ποδηλάτου  μηχανής>Αξεσουάρ moto  ποδηλάτου
108275,Ανυψωτικό τιμονιού ποδηλάτου - S62-30A ,Ανυψωτικό τιμονιού ποδηλάτου - S62-30A - 652176,in stock,new,5.4 EUR,,https://www.tradesor.gr/wp-content/uploads/2023/06/68852bf9e26f9ab9be8e307d8213a756.jpg,OEM,No Color,1.0,,AUTO-MOTO-BIKE>Αξεσουάρ ποδηλάτου  μηχανής>Αξεσουάρ moto  ποδηλάτου
108308,Καλάθι ποδηλάτου μεταλλικό κρεμαστ,Καλάθι ποδηλάτου μεταλλικό κρεμαστό - S52-03 - 651803,in stock,new,5.4 EUR,,https://www.tradesor.gr/wp-content/uploads/2023/06/d26e48ad611e9e415760891e6a1fbfd3.jpg,OEM,No Color,1.0,,AUTO-MOTO-BIKE>Αξεσουάρ ποδηλάτου  μηχανής>Αξεσουάρ moto  ποδηλάτου
108311,Καλάθι ποδηλάτου μεταλλικό κρεμαστ,Καλάθι ποδηλάτου μεταλλικό κρεμαστό - S52-01 - 651797,in stock,new,3.6 EUR,,https://www.tradesor.gr/wp-content/uploads/2023/06/78fc645f3d7e1906f00547dd8af43d91.jpg,OEM,No Color,1.0,,AUTO-MOTO-BIKE>Αξεσουάρ ποδηλάτου  μηχανής>Αξεσουάρ moto  ποδηλάτου
108379,Περικάρπιο ποδηλασίας - TS48-27 - 651520,Περικάρπιο ποδηλασίας - TS48-27 - 651520,in stock,new,1.26 EUR,,https://www.tradesor.gr/wp-content/uploads/2023/06/59c70bd50c26979bd5d19fa096248039.jpg,OEM,No Color,1.0,,AUTO-MOTO-BIKE>Αξεσουάρ ποδηλάτου  μηχανής>Αξεσουάρ moto  ποδηλάτου
108382,Επιγονατίδες ποδηλασίας - TS48-26 - 651513,Επιγονατίδες ποδηλασίας - TS48-26 - 651513,in stock,new,1.44 EUR,,https://www.tradesor.gr/wp-content/uploads/2023/06/dbd1f2a391747abff86083dac2747050.jpg,OEM,No Color,1.0,,AUTO-MOTO-BIKE>Αξεσουάρ ποδηλάτου  μηχανής>Αξεσουάρ moto  ποδηλάτου
108385,Επιγονατίδες ποδηλασίας - TS48-25 - 651506,Επιγονατίδες ποδηλασίας - TS48-25 - 651506,in stock,new,2.7 EUR,,https://www.tradesor.gr/wp-content/uploads/2023/06/11e82299b6ac9cd1381645a82eb7ba7c.jpg,OEM,No Color,1.0,,AUTO-MOTO-BIKE>Αξεσουάρ ποδηλάτου  μηχανής>Αξεσουάρ moto  ποδηλάτου
108388,Αξεσουάρ ποδηλασίας - Μπαντάνα - TS46-2,Αξεσουάρ ποδηλασίας - Μπαντάνα - TS46-24 - 651490,in stock,new,0.54 EUR,,https://www.tradesor.gr/wp-content/uploads/2023/06/b7f5388650df8b322bff5735f2ba53f7.jpg,OEM,No Color,1.0,,AUTO-MOTO-BIKE>Αξεσουάρ ποδηλάτου  μηχανής>Αξεσουάρ moto  ποδηλάτου
108391,Γάντια ποδηλασίας κοφτά - S48-18S - M/XL - 6,Γάντια ποδηλασίας κοφτά - S48-18S - M/XL - 651455,in stock,new,5.4 EUR,,https://www.tradesor.gr/wp-content/uploads/2023/06/4d7e96c9e295729a8a00cdf44898b37e.jpg,OEM,No Color,1.0,,AUTO-MOTO-BIKE>Αξεσουάρ ποδηλάτου  μηχανής>Αξεσουάρ moto  ποδηλάτου
108403,Αναβατήρες αλουμινίου ποδηλάτου - S4,Αναβατήρες αλουμινίου ποδηλάτου - S42-19 - 651292,in stock,new,1.44 EUR,,https://www.tradesor.gr/wp-content/uploads/2023/06/c4da745c4ecde8d24da91bcc6806699f.jpg,OEM,No Color,1.0,,AUTO-MOTO-BIKE>Αξεσουάρ ποδηλάτου  μηχανής>Αξεσουάρ moto  ποδηλάτου
108406,Αναβατήρες αλουμινίου ποδηλάτου - S4,Αναβατήρες αλουμινίου ποδηλάτου - S42-04 - 651285,in stock,new,5.4 EUR,,https://www.tradesor.gr/wp-content/uploads/2023/06/51f893b83a655b3f5acfc07a15e86182.jpg,OEM,No Color,1.0,,AUTO-MOTO-BIKE>Αξεσουάρ ποδηλάτου  μηχανής>Αξεσουάρ moto  ποδηλάτου
108409,Βαλιτσάκι ποδηλάτου - Tail Bag - S41-48 - 65127,Βαλιτσάκι ποδηλάτου - Tail Bag - S41-48 - 651278,in stock,new,21.6 EUR,,https://www.tradesor.gr/wp-content/uploads/2023/06/1e5efe526ce7ba2d60e58c041162ed8d.jpg,OEM,No Color,1.0,,AUTO-MOTO-BIKE>Αξεσουάρ ποδηλάτου  μηχανής>Αξεσουάρ moto  ποδηλάτου
108412,Σάκος ποδηλασίας - S41-42 - 651261,Σάκος ποδηλασίας - S41-42 - 651261,in stock,new,16.2 EUR,,https://www.tradesor.gr/wp-content/uploads/2023/06/cf79a998c1861a1c950e4712b9c3aadb.jpg,OEM,No Color,1.0,,AUTO-MOTO-BIKE>Αξεσουάρ ποδηλάτου  μηχανής>Αξεσουάρ moto  ποδηλάτου
108415,Σακίδιο ποδηλασίας - S41-38 - 651254,Σακίδιο ποδηλασίας - S41-38 - 651254,in stock,new,25.2 EUR,,https://www.tradesor.gr/wp-content/uploads/2023/06/3e6d0f816e0900bf5f060c94bd81e7db.jpg,OEM,No Color,1.0,,AUTO-MOTO-BIKE>Αξεσουάρ ποδηλάτου  μηχανής>Αξεσουάρ moto  ποδηλάτου
108418,Τσάντα σέλας ποδηλάτου - Tail Bag - S40-59 - ,Τσάντα σέλας ποδηλάτου - Tail Bag - S40-59 - 651247,in stock,new,9 EUR,,https://www.tradesor.gr/wp-content/uploads/2023/06/fbb8031fc22978936464dfb316533838.jpg,OEM,No Color,1.0,,AUTO-MOTO-BIKE>Αξεσουάρ ποδηλάτου  μηχανής>Αξεσουάρ moto  ποδηλάτου
108421,Τσάντα ποδηλάτου - S40-35S - 651230,Τσάντα ποδηλάτου - S40-35S - 651230,in stock,new,3.6 EUR,,https://www.tradesor.gr/wp-content/uploads/2023/06/0cca47481f341e87de65015d6c7a3468.jpg,OEM,No Color,1.0,,AUTO-MOTO-BIKE>Αξεσουάρ ποδηλάτου  μηχανής>Αξεσουάρ moto  ποδηλάτου
108424,Τσάντα ποδηλάτου με θήκη smartphone - S39-24,Τσάντα ποδηλάτου με θήκη smartphone - S39-24 S - 5.5'' - 651209,in stock,new,5.4 EUR,,https://www.tradesor.gr/wp-content/uploads/2023/06/8dce2d0bc2fd35dbe5a7a5c84b5012ab.jpg,OEM,No Color,1.0,,AUTO-MOTO-BIKE>Αξεσουάρ ποδηλάτου  μηχανής>Αξεσουάρ moto  ποδηλάτου
108427,Τσάντα ποδηλάτου διπλή - S39-22S - 651193,Τσάντα ποδηλάτου διπλή - S39-22S - 651193,in stock,new,6.3 EUR,,https://www.tradesor.gr/wp-content/uploads/2023/06/94896c34f0edaf481380aad4e6f8bf3e.jpg,OEM,No Color,1.0,,AUTO-MOTO-BIKE>Αξεσουάρ ποδηλάτου  μηχανής>Αξεσουάρ moto  ποδηλάτου
108430,Τσάντα σέλας ποδηλάτου - Tail Bag - S39-01S -,Τσάντα σέλας ποδηλάτου - Tail Bag - S39-01S - 651186,in stock,new,4.5 EUR,,https://www.tradesor.gr/wp-content/uploads/2023/06/f515579a62f40bfd258be267b5139603.jpg,OEM,No Color,1.0,,AUTO-MOTO-BIKE>Αξεσουάρ ποδηλάτου  μηχανής>Αξεσουάρ moto  ποδηλάτου
108433,Κάθισμα ποδηλάτου όπισθεν - S38-81 - 65117,Κάθισμα ποδηλάτου όπισθεν - S38-81 - 651179,in stock,new,4.5 EUR,,https://www.tradesor.gr/wp-content/uploads/2023/06/e9703b549835091b9d4569e504f026fe.jpg,OEM,No Color,1.0,,AUTO-MOTO-BIKE>Αξεσουάρ ποδηλάτου  μηχανής>Αξεσουάρ moto  ποδηλάτου
108494,Ποτηροθήκη ποδηλάτου - S33-1449 - 650943,Ποτηροθήκη ποδηλάτου - S33-1449 - 650943,in stock,new,2.7 EUR,,https://www.tradesor.gr/wp-content/uploads/2023/06/000d5cd3498de8b74ae45ab3d17fb795.jpg,OEM,No Color,1.0,,AUTO-MOTO-BIKE>Αξεσουάρ ποδηλάτου  μηχανής>Αξεσουάρ moto  ποδηλάτου
108497,Ποτηροθήκη ποδηλάτου - S33-1435 - 650936,Ποτηροθήκη ποδηλάτου - S33-1435 - 650936,in stock,new,1.44 EUR,,https://www.tradesor.gr/wp-content/uploads/2023/06/d9e696ca7abfb00c1a9ca3b8d1840a36.jpg,OEM,No Color,1.0,,AUTO-MOTO-BIKE>Αξεσουάρ ποδηλάτου  μηχανής>Αξεσουάρ moto  ποδηλάτου
108500,Ποτηροθήκη ποδηλάτου - S33-1406 - 650905,Ποτηροθήκη ποδηλάτου - S33-1406 - 650905,in stock,new,2.34 EUR,,https://www.tradesor.gr/wp-content/uploads/2023/06/65cfc9e4fc4d72f6cd395be89c930d65.jpg,OEM,No Color,1.0,,AUTO-MOTO-BIKE>Αξεσουάρ ποδηλάτου  μηχανής>Αξεσουάρ moto  ποδηλάτου
108503,Βοηθητική λαβή ανάπαυσης χεριών πο,Βοηθητική λαβή ανάπαυσης χεριών ποδηλάτου - S31-2118 - 650875,in stock,new,11.7 EUR,,https://www.tradesor.gr/wp-content/uploads/2023/06/f65e3a86231384686d6f6669cb46914a.jpg,OEM,No Color,1.0,,AUTO-MOTO-BIKE>Αξεσουάρ ποδηλάτου  μηχανής>Αξεσουάρ moto  ποδηλάτου
108506,Βοηθητική λαβή ανάπαυσης χεριών πο,Βοηθητική λαβή ανάπαυσης χεριών ποδηλάτου - S31-2117 - 650868,in stock,new,14.4 EUR,,https://www.tradesor.gr/wp-content/uploads/2023/06/7e36a3fa439a71c4757532320c4496a6.jpg,OEM,No Color,1.0,,AUTO-MOTO-BIKE>Αξεσουάρ ποδηλάτου  μηχανής>Αξεσουάρ moto  ποδηλάτου
108509,Βοηθητικές λαβές ποδηλάτου - S31-2120S - ,Βοηθητικές λαβές ποδηλάτου - S31-2120S - 650837,in stock,new,4.5 EUR,,https://www.tradesor.gr/wp-content/uploads/2023/06/9cbb028f5ec97d3dd6abcc33e60aa919.jpg,OEM,No Color,1.0,,AUTO-MOTO-BIKE>Αξεσουάρ ποδηλάτου  μηχανής>Αξεσουάρ moto  ποδηλάτου
108512,Κάλυμμα χειρολαβής ποδηλάτου - Grip - S,Κάλυμμα χειρολαβής ποδηλάτου - Grip - S29-281 - 650813 - Brown,in stock,new,5.4 EUR,,https://www.tradesor.gr/wp-content/uploads/2023/06/03321d159e6abfe72082ed002948a349.jpg,OEM,No Color,0.6,,AUTO-MOTO-BIKE>Αξεσουάρ ποδηλάτου  μηχανής>Αξεσουάρ moto  ποδηλάτου
108515,Κάλυμμα χειρολαβής ποδηλάτου - Grip - S,Κάλυμμα χειρολαβής ποδηλάτου - Grip - S29-248 - 650790,in stock,new,0.9 EUR,,https://www.tradesor.gr/wp-content/uploads/2023/06/82f769b6a935feedf562f776b33f7102.jpg,OEM,No Color,0.6,,AUTO-MOTO-BIKE>Αξεσουάρ ποδηλάτου  μηχανής>Αξεσουάρ moto  ποδηλάτου
108518,Κάλυμμα χειρολαβής ποδηλάτου - Grip - S,Κάλυμμα χειρολαβής ποδηλάτου - Grip - S29-237 - 650783,in stock,new,1.44 EUR,,https://www.tradesor.gr/wp-content/uploads/2023/06/a98ba0a1fff56162b9dd5f954b3bf570.jpg,OEM,No Color,0.6,,AUTO-MOTO-BIKE>Αξεσουάρ ποδηλάτου  μηχανής>Αξεσουάρ moto  ποδηλάτου
108521,Κάλυμμα χειρολαβής ποδηλάτου - Grip - S,Κάλυμμα χειρολαβής ποδηλάτου - Grip - S29-302 - 650721,in stock,new,1.8 EUR,,https://www.tradesor.gr/wp-content/uploads/2023/06/952c892b861c8e5636dbc884781831de.jpg,OEM,No Color,0.6,,AUTO-MOTO-BIKE>Αξεσουάρ ποδηλάτου  μηχανής>Αξεσουάρ moto  ποδηλάτου
108557,Σχάρα ποδηλάτου όπισθεν - SJ-6364-4 - 650578,Σχάρα ποδηλάτου όπισθεν - SJ-6364-4 - 650578,in stock,new,23.4 EUR,,https://www.tradesor.gr/wp-content/uploads/2023/06/f632a0749710369f149c52960d667e8d.jpg,OEM,No Color,1.0,,AUTO-MOTO-BIKE>Αξεσουάρ ποδηλάτου  μηχανής>Αξεσουάρ moto  ποδηλάτου
108560,Σχάρα ποδηλάτου όπισθεν - SJ-6364-3 - 650561,Σχάρα ποδηλάτου όπισθεν - SJ-6364-3 - 650561,in stock,new,14.4 EUR,,https://www.tradesor.gr/wp-content/uploads/2023/06/8c50ed59e236c021ff2ff8e9b574683f.jpg,OEM,No Color,1.0,,AUTO-MOTO-BIKE>Αξεσουάρ ποδηλάτου  μηχανής>Αξεσουάρ moto  ποδηλάτου
108563,Σχάρα ποδηλάτου όπισθεν - SJ-6711  671 - 650,Σχάρα ποδηλάτου όπισθεν - SJ-6711  671 - 650554,in stock,new,10.8 EUR,,https://www.tradesor.gr/wp-content/uploads/2023/06/1cc9b35a4195168bc55fe871de02febd.jpg,OEM,No Color,1.0,,AUTO-MOTO-BIKE>Αξεσουάρ ποδηλάτου  μηχανής>Αξεσουάρ moto  ποδηλάτου
108566,Σχάρα ποδηλάτου όπισθεν - SJ-6672 - 650547,Σχάρα ποδηλάτου όπισθεν - SJ-6672 - 650547,in stock,new,13.5 EUR,,https://www.tradesor.gr/wp-content/uploads/2023/06/56e0341573355844f15e6a2b1a3bcdc5.jpg,OEM,No Color,1.0,,AUTO-MOTO-BIKE>Αξεσουάρ ποδηλάτου  μηχανής>Αξεσουάρ moto  ποδηλάτου
108569,Σχάρα ποδηλάτου όπισθεν - SJ-6642-664 - 6505,Σχάρα ποδηλάτου όπισθεν - SJ-6642-664 - 650530,in stock,new,13.5 EUR,,https://www.tradesor.gr/wp-content/uploads/2023/06/5ae7555374d0b2a93b1880579be4dc87.jpg,OEM,No Color,1.0,,AUTO-MOTO-BIKE>Αξεσουάρ ποδηλάτου  μηχανής>Αξεσουάρ moto  ποδηλάτου
108635,Πτυσσόμενο προπονητήριο ποδηλάτου ,Πτυσσόμενο προπονητήριο ποδηλάτου - SJ-04 - 650288,in stock,new,126 EUR,,https://www.tradesor.gr/wp-content/uploads/2023/06/d4fd9954e75f4d880c8d52e38f0d22f4.jpg,OEM,No Color,1.0,,AUTO-MOTO-BIKE>Αξεσουάρ ποδηλάτου  μηχανής>Αξεσουάρ moto  ποδηλάτου
108639,Πτυσσόμενο προπονητήριο ποδηλάτου ,Πτυσσόμενο προπονητήριο ποδηλάτου - SJ-513A - 650264,in stock,new,99 EUR,,https://www.tradesor.gr/wp-content/uploads/2023/06/2b8f6bd60dc4e6506b8d8c255b519659.jpg,OEM,No Color,1.0,,AUTO-MOTO-BIKE>Αξεσουάρ ποδηλάτου  μηχανής>Αξεσουάρ moto  ποδηλάτου
108642,Βάση επισκευής ποδηλάτου - SJ-509A - 650257,Βάση επισκευής ποδηλάτου - SJ-509A - 650257,in stock,new,81 EUR,,https://www.tradesor.gr/wp-content/uploads/2023/06/4b7243292203a0e6750c7c3abcdca34b.jpg,OEM,No Color,1.0,,AUTO-MOTO-BIKE>Αξεσουάρ ποδηλάτου  μηχανής>Αξεσουάρ moto  ποδηλάτου
108645,Βάση στήριξης ποδηλάτου δαπέδου - SJ-,Βάση στήριξης ποδηλάτου δαπέδου - SJ-512A - 650240,in stock,new,9 EUR,,https://www.tradesor.gr/wp-content/uploads/2023/06/c18e9d107bc1e0bd5e2f5387f9119402.jpg,OEM,No Color,1.0,,AUTO-MOTO-BIKE>Αξεσουάρ ποδηλάτου  μηχανής>Αξεσουάρ moto  ποδηλάτου
108648,Βάση στήριξης smartphone ποδηλάτου - SJ-1082,Βάση στήριξης smartphone ποδηλάτου - SJ-10821 - 650226,in stock,new,3.6 EUR,,https://www.tradesor.gr/wp-content/uploads/2023/06/b8485fe98d610dd021b7f68a27171c7c.jpg,OEM,No Color,1.0,,AUTO-MOTO-BIKE>Αξεσουάρ ποδηλάτου  μηχανής>Αξεσουάρ moto  ποδηλάτου
